{
    "type": "mysql",
    "host": "localhost",
    "port": 3306,
    "username": "admin",
    "password": "qwaszx",
    "database": "adminltedb",
    "synchronize": true,
    "logging": false,
    "entities": [
        "src/entity/**/*.ts"
    ],
    "migrations": [
        "src/migration/**/*.ts"
    ],
    "subscribers": [
        "src/subscriber/**/*.ts"
    ],
    "cli": {
        "entitiesDir": "src/entity",
        "migrationsDir": "src/migration",
        "subscribersDir": "src/subscriber"
    }
}